gid,x,y,z
226698,6829.5107428,1996.5998548,5856.1733408
242404,6819.8911138,1992.1298838,5851.6733408
244462,6822.2436528,1988.4498298,5850.6303718
